Date,AAPL,CSCO,IBM,MSFT
2018-01-02,43.06499862670898,38.86000061035156,147.46653747558594,85.94999694824219
2018-01-03,43.057498931884766,39.16999816894531,151.52008056640625,86.3499984741211
2018-01-04,43.25749969482422,38.9900016784668,154.5889129638672,87.11000061035156
2018-01-05,43.75,39.52999877929688,155.3441619873047,88.19000244140625
2018-01-08,43.587501525878906,39.93999862670898,156.28106689453125,88.27999877929688
2018-01-09,43.58250045776367,39.68999862670898,156.625244140625,88.22000122070312
2018-01-10,43.5724983215332,39.90999984741211,156.95985412597656,87.81999969482422
2018-01-11,43.81999969482422,40.09999847412109,156.97897338867188,88.08000183105469
2018-01-12,44.272499084472656,40.869998931884766,155.965576171875,89.5999984741211
2018-01-16,44.04750061035156,40.540000915527344,156.6443634033203,88.3499984741211
2018-01-17,44.775001525878906,41.20000076293945,161.2332763671875,90.13999938964844
2018-01-18,44.81499862670898,41.29999923706055,161.68260192871094,90.0999984741211
2018-01-19,44.6150016784668,41.290000915527344,155.2294464111328,90.0
2018-01-22,44.25,41.65999984741211,155.44932556152344,91.61000061035156
2018-01-23,44.2599983215332,42.09999847412109,158.93881225585938,91.9000015258789
2018-01-24,43.55500030517578,42.16999816894531,158.09751892089844,91.81999969482422
2018-01-25,42.77750015258789,41.900001525878906,158.193115234375,92.33000183105467
2018-01-26,42.87749862670898,42.560001373291016,159.9808807373047,94.05999755859376
2018-01-29,41.9900016784668,42.84999847412109,159.46463012695312,93.91999816894533
2018-01-30,41.74250030517578,42.25,156.42446899414062,92.73999786376952
2018-01-31,41.85749816894531,41.540000915527344,156.50096130371094,95.01000213623048
2018-02-01,41.94499969482422,41.70000076293945,155.2581329345703,94.26000213623048
2018-02-02,40.125,40.93000030517578,152.0363311767578,91.77999877929688
2018-02-05,39.122501373291016,38.77999877929688,145.82217407226562,88.0
2018-02-06,40.75749969482422,40.16999816894531,148.50860595703125,91.33000183105467
2018-02-07,39.8849983215332,40.34000015258789,147.08413696289062,89.61000061035156
2018-02-08,38.78749847412109,38.77000045776367,141.09942626953125,85.01000213623047
2018-02-09,39.102500915527344,39.52999877929688,142.93499755859375,88.18000030517578
2018-02-12,40.6775016784668,40.59999847412109,144.7418670654297,89.12999725341797
2018-02-13,41.084999084472656,41.22999954223633,144.12045288085938,89.83000183105469
2018-02-14,41.84249877929688,42.09000015258789,147.95411682128906,90.80999755859376
2018-02-15,43.247501373291016,44.08000183105469,149.14913940429688,92.66000366210938
2018-02-16,43.10749816894531,44.33000183105469,149.31166076660156,92.0
2018-02-20,42.962501525878906,44.060001373291016,148.33651733398438,92.72000122070312
2018-02-21,42.76750183105469,43.310001373291016,147.18930053710938,91.48999786376952
2018-02-22,43.125,42.93999862670898,146.44358825683594,91.7300033569336
2018-02-23,43.875,44.0,148.68069458007812,94.05999755859376
2018-02-26,44.74250030517578,45.36000061035156,151.6061248779297,95.41999816894533
2018-02-27,44.59749984741211,45.040000915527344,149.66539001464844,94.1999969482422
2018-02-28,44.52999877929688,44.77999877929688,148.97705078125,93.7699966430664
2018-03-01,43.75,43.79999923706055,147.04588317871094,92.8499984741211
2018-03-02,44.0525016784668,44.060001373291016,147.69598388671875,93.0500030517578
2018-03-05,44.20500183105469,44.52000045776367,150.0478057861328,93.63999938964844
2018-03-06,44.16749954223633,44.290000915527344,148.87188720703125,93.31999969482422
2018-03-07,43.75749969482422,44.20000076293945,151.35755920410156,93.86000061035156
2018-03-08,44.23500061035156,44.34000015258789,149.34034729003906,94.43000030517578
2018-03-09,44.994998931884766,45.369998931884766,152.30401611328125,96.54000091552734
2018-03-12,45.43000030517578,45.54999923706055,153.2122344970703,96.7699966430664
2018-03-13,44.99250030517578,45.15999984741211,152.31358337402344,94.41000366210938
2018-03-14,44.61000061035156,45.27999877929688,151.16635131835938,93.8499984741211
2018-03-15,44.66249847412109,45.33000183105469,152.5908203125,94.18000030517578
2018-03-16,44.505001068115234,45.0099983215332,153.2122344970703,94.5999984741211
2018-03-19,43.82500076293945,44.27000045776367,150.43020629882812,92.88999938964844
2018-03-20,43.810001373291016,44.369998931884766,149.33078002929688,93.12999725341795
2018-03-21,42.817501068115234,44.310001373291016,149.7992401123047,92.4800033569336
2018-03-22,42.212501525878906,43.06999969482422,145.4015350341797,89.79000091552734
2018-03-23,41.23500061035156,42.41999816894531,142.34225463867188,87.18000030517578
2018-03-26,43.192501068115234,44.060001373291016,146.625244140625,93.77999877929688
2018-03-27,42.084999084472656,42.68000030517578,145.2294464111328,89.47000122070312
2018-03-28,41.619998931884766,41.65999984741211,145.8126220703125,89.38999938964844
2018-03-29,41.94499969482422,42.88999938964844,146.68260192871094,91.2699966430664
2018-04-02,41.66999816894531,41.0099983215332,143.47036743164062,88.5199966430664
2018-04-03,42.09749984741211,41.380001068115234,143.26004028320312,89.70999908447266
2018-04-04,42.90250015258789,41.20000076293945,147.34225463867188,92.33000183105467
2018-04-05,43.20000076293945,41.81999969482422,147.25621032714844,92.37999725341795
2018-04-06,42.095001220703125,40.72999954223633,143.94837951660156,90.2300033569336
2018-04-09,42.51250076293945,41.16999816894531,145.9751434326172,90.7699966430664
2018-04-10,43.3125,42.5099983215332,148.55641174316406,92.87999725341795
2018-04-11,43.11000061035156,42.43000030517578,148.52772521972656,91.86000061035156
2018-04-12,43.53499984741211,43.34000015258789,151.11854553222656,93.58000183105467
2018-04-13,43.682498931884766,43.0,149.818359375,93.08000183105467
2018-04-16,43.95500183105469,43.29999923706055,150.9464569091797,94.16999816894533
2018-04-17,44.560001373291016,44.59000015258789,153.83364868164062,96.06999969482422
2018-04-18,44.459999084472656,44.630001068115234,142.2466583251953,96.44000244140624
2018-04-19,43.20000076293945,44.560001373291016,141.20458984375,96.11000061035156
2018-04-20,41.43000030517578,44.09000015258789,138.52772521972656,95.0
2018-04-23,41.310001373291016,44.25,139.4455108642578,95.3499984741211
2018-04-24,40.73500061035156,43.7400016784668,139.15870666503906,93.12000274658205
2018-04-25,40.91249847412109,43.709999084472656,139.52198791503906,92.30999755859376
2018-04-26,41.05500030517578,44.209999084472656,140.26768493652344,94.26000213623048
2018-04-27,40.58000183105469,44.709999084472656,140.03823852539062,95.81999969482422
2018-04-30,41.31499862670898,44.290000915527344,138.5850830078125,93.5199966430664
2018-05-01,42.275001525878906,44.83000183105469,138.62332153320312,95.0
2018-05-02,44.14250183105469,43.86000061035156,136.1854705810547,93.51000213623048
2018-05-03,44.22249984741211,44.43999862670898,135.74569702148438,94.06999969482422
2018-05-04,45.95750045776367,45.29999923706055,137.58126831054688,95.16000366210938
2018-05-07,46.290000915527344,45.72999954223633,136.92160034179688,96.22000122070312
2018-05-08,46.51250076293945,45.709999084472656,136.71128845214844,95.80999755859376
2018-05-09,46.84000015258789,46.040000915527344,136.3384246826172,96.94000244140624
2018-05-10,47.5099983215332,46.29999923706055,137.89674377441406,97.91000366210938
2018-05-11,47.147499084472656,45.93000030517578,137.8011474609375,97.6999969482422
2018-05-14,47.03749847412109,45.70000076293945,137.95411682128906,98.02999877929688
2018-05-15,46.61000061035156,45.47999954223633,137.41873168945312,97.31999969482422
2018-05-16,47.04499816894531,45.15999984741211,138.26959228515625,97.1500015258789
2018-05-17,46.747501373291016,43.459999084472656,138.1453094482422,96.18000030517578
2018-05-18,46.57749938964844,43.209999084472656,137.74378967285156,96.36000061035156
2018-05-21,46.907501220703125,43.75,139.09178161621094,97.5999984741211
2018-05-22,46.790000915527344,43.650001525878906,138.70936584472656,97.5
2018-05-23,47.09000015258789,43.68000030517578,138.30784606933594,98.66000366210938
2018-05-24,47.03749847412109,43.56999969482422,137.73422241210938,98.30999755859376
2018-05-25,47.14500045776367,43.2599983215332,137.32313537597656,98.36000061035156
2018-05-29,46.97499847412109,42.970001220703125,135.0095672607422,98.01000213623048
2018-05-30,46.875,42.84999847412109,136.34799194335938,98.9499969482422
2018-05-31,46.71749877929688,42.709999084472656,135.09559631347656,98.83999633789062
2018-06-01,47.560001373291016,43.65999984741211,135.70745849609375,100.79000091552734
2018-06-04,47.95750045776367,43.58000183105469,136.74952697753906,101.66999816894533
2018-06-05,48.32749938964844,43.66999816894531,137.3804931640625,102.19000244140624
2018-06-06,48.494998931884766,44.2599983215332,138.34608459472656,102.48999786376952
2018-06-07,48.3650016784668,43.650001525878906,138.96749877929688,100.87999725341795
2018-06-08,47.92499923706055,43.47999954223633,139.71319580078125,101.62999725341795
2018-06-11,47.807498931884766,43.68999862670898,140.13385009765625,101.0500030517578
2018-06-12,48.06999969482422,43.93999862670898,140.4110870361328,101.30999755859376
2018-06-13,47.67499923706055,44.0099983215332,139.91395568847656,100.8499984741211
2018-06-14,47.70000076293945,44.68999862670898,138.8145294189453,101.41999816894533
2018-06-15,47.209999084472656,44.25,138.9961700439453,100.12999725341795
2018-06-18,47.185001373291016,44.209999084472656,138.12619018554688,100.86000061035156
2018-06-19,46.42250061035156,43.81999969482422,137.5717010498047,100.86000061035156
2018-06-20,46.625,43.7400016784668,136.35755920410156,101.87000274658205
2018-06-21,46.3650016784668,43.15999984741211,135.03823852539062,101.13999938964844
2018-06-22,46.22999954223633,43.20000076293945,135.06692504882812,100.41000366210938
2018-06-25,45.54249954223633,42.290000915527344,132.68641662597656,98.38999938964844
2018-06-26,46.10749816894531,42.54999923706055,132.9636688232422,99.08000183105467
2018-06-27,46.040000915527344,42.33000183105469,131.4340362548828,97.54000091552734
2018-06-28,46.375,42.93999862670898,133.88145446777344,98.62999725341795
2018-06-29,46.27750015258789,43.02999877929688,133.55641174316406,98.61000061035156
2018-07-02,46.79499816894531,42.810001373291016,133.70936584472656,100.01000213623048
2018-07-03,45.97999954223633,42.66999816894531,133.43212890625,99.0500030517578
2018-07-05,46.34999847412109,42.560001373291016,135.2103271484375,99.76000213623048
2018-07-06,46.99250030517578,42.709999084472656,136.21414184570312,101.16000366210938
2018-07-09,47.64500045776367,42.66999816894531,138.04014587402344,101.8499984741211
2018-07-10,47.587501525878906,42.86000061035156,138.34608459472656,102.12000274658205
2018-07-11,46.970001220703125,42.56999969482422,138.5659637451172,101.9800033569336
2018-07-12,47.75749969482422,43.58000183105469,140.0095672607422,104.19000244140624
2018-07-13,47.83250045776367,41.77999877929688,139.48374938964844,105.43000030517578
2018-07-16,47.727500915527344,42.5,139.06309509277344,104.91000366210938
2018-07-17,47.86249923706055,42.34000015258789,137.1797332763672,105.9499969482422
2018-07-18,47.59999847412109,42.209999084472656,138.1644287109375,105.12000274658205
2018-07-19,47.970001220703125,42.400001525878906,142.67686462402344,104.4000015258789
2018-07-20,47.86000061035156,42.0099983215332,139.91395568847656,106.2699966430664
2018-07-23,47.90250015258789,42.060001373291016,139.29254150390625,107.97000122070312
2018-07-24,48.25,42.38999938964844,139.94264221191406,107.66000366210938
2018-07-25,48.70500183105469,43.15999984741211,140.17208862304688,110.83000183105467
2018-07-26,48.5525016784668,43.52999877929688,140.2581329345703,109.62000274658205
2018-07-27,47.744998931884766,42.56999969482422,138.7667236328125,107.68000030517578
2018-07-30,47.477500915527344,42.16999816894531,139.09178161621094,105.37000274658205
2018-07-31,47.5724983215332,42.290000915527344,138.55641174316406,106.08000183105467
2018-08-01,50.375,41.86000061035156,137.18930053710938,106.27999877929688
2018-08-02,51.84749984741211,42.52999877929688,136.67303466796875,107.56999969482422
2018-08-03,51.997501373291016,42.83000183105469,141.20458984375,108.04000091552734
2018-08-06,52.26750183105469,43.29999923706055,139.6080322265625,108.12999725341795
2018-08-07,51.77750015258789,43.58000183105469,140.54493713378906,108.87999725341795
2018-08-08,51.8125,43.84000015258789,140.43020629882812,109.48999786376952
2018-08-09,52.220001220703125,43.77999877929688,138.4034423828125,109.66999816894533
2018-08-10,51.88249969482422,43.77999877929688,138.12619018554688,109.0
2018-08-13,52.21749877929688,43.75,136.4340362548828,108.20999908447266
2018-08-14,52.4375,44.0,137.05545043945312,109.55999755859376
2018-08-15,52.560001373291016,43.86000061035156,137.58126831054688,107.66000366210938
2018-08-16,53.33000183105469,45.15999984741211,138.94837951660156,107.63999938964844
2018-08-17,54.39500045776367,45.869998931884766,139.63670349121094,107.58000183105467
2018-08-20,53.8650016784668,46.220001220703125,140.06692504882812,106.87000274658205
2018-08-21,53.7599983215332,45.77999877929688,139.55067443847656,105.9800033569336
2018-08-22,53.76250076293945,45.9900016784668,138.85276794433594,107.05999755859376
2018-08-23,53.872501373291016,46.02000045776367,138.97705078125,107.55999755859376
2018-08-24,54.040000915527344,46.31999969482422,139.61758422851562,108.4000015258789
2018-08-27,54.48500061035156,46.59000015258789,140.23899841308594,109.5999984741211
2018-08-28,54.92499923706055,46.95000076293945,140.14340209960938,110.26000213623048
2018-08-29,55.744998931884766,47.47999954223633,141.05162048339844,112.0199966430664
2018-08-30,56.25749969482422,47.150001525878906,139.51242065429688,111.9499969482422
2018-08-31,56.907501220703125,47.77000045776367,140.03823852539062,112.33000183105467
2018-09-04,57.09000015258789,47.72999954223633,139.27342224121094,111.70999908447266
2018-09-05,56.71749877929688,47.27000045776367,140.2103271484375,108.48999786376952
2018-09-06,55.775001525878906,47.27999877929688,139.9521942138672,108.73999786376952
2018-09-07,55.32500076293945,47.04999923706055,139.0535430908203,108.20999908447266
2018-09-10,54.58250045776367,47.06999969482422,139.24473571777344,109.37999725341795
2018-09-11,55.962501525878906,47.02999877929688,140.0478057861328,111.23999786376952
2018-09-12,55.26750183105469,46.88999938964844,140.12428283691406,111.70999908447266
2018-09-13,56.602500915527344,47.2400016784668,142.3996124267578,112.91000366210938
2018-09-14,55.959999084472656,47.400001525878906,141.806884765625,113.37000274658205
2018-09-17,54.470001220703125,47.11000061035156,141.4340362548828,112.13999938964844
2018-09-18,54.560001373291016,47.459999084472656,142.02676391601562,113.20999908447266
2018-09-19,54.59249877929688,47.27999877929688,142.50477600097656,111.6999969482422
2018-09-20,55.00749969482422,47.72999954223633,144.50286865234375,113.56999969482422
2018-09-21,54.415000915527344,48.560001373291016,144.69407653808594,114.26000213623048
2018-09-24,55.1974983215332,48.43999862670898,143.43212890625,114.66999816894533
2018-09-25,55.54750061035156,48.470001220703125,142.3613739013672,114.4499969482422
2018-09-26,55.10499954223633,48.40999984741211,144.94264221191406,113.9800033569336
2018-09-27,56.23749923706055,48.33000183105469,144.8374786376953,114.41000366210938
2018-09-28,56.435001373291016,48.650001525878906,144.5602264404297,114.37000274658205
2018-10-01,56.81499862670898,48.869998931884766,146.27151489257812,115.61000061035156
2018-10-02,57.31999969482422,49.0099983215332,146.988525390625,115.1500015258789
2018-10-03,58.01750183105469,49.13999938964844,146.48184204101562,115.16999816894533
2018-10-04,56.997501373291016,48.380001068115234,144.6558380126953,112.79000091552734
2018-10-05,56.0724983215332,48.130001068115234,142.47610473632812,112.12999725341795
2018-10-08,55.942501068115234,47.52000045776367,141.86424255371094,110.8499984741211
2018-10-09,56.71749877929688,47.4900016784668,140.7648162841797,112.26000213623048
2018-10-10,54.09000015258789,45.630001068115234,136.4149169921875,106.16000366210938
2018-10-11,53.61249923706055,44.119998931884766,132.90631103515625,105.91000366210938
2018-10-12,55.52750015258789,45.709999084472656,134.6558380126953,109.56999969482422
2018-10-15,54.34000015258789,44.66999816894531,134.92352294921875,107.5999984741211
2018-10-16,55.53749847412109,45.81999969482422,138.73805236816406,111.0
2018-10-17,55.29750061035156,45.93999862670898,128.15487670898438,110.70999908447266
2018-10-18,54.005001068115234,45.459999084472656,124.8087921142578,108.5
2018-10-19,54.82749938964844,45.34000015258789,123.4225616455078,108.66000366210938
2018-10-22,55.16249847412109,45.7599983215332,124.3021011352539,109.62999725341795
2018-10-23,55.682498931884766,45.41999816894531,125.43977355957033,108.0999984741211
2018-10-24,53.772499084472656,44.06999969482422,121.6156768798828,102.31999969482422
2018-10-25,54.95000076293945,45.470001220703125,120.88909912109376,108.3000030517578
2018-10-26,54.07500076293945,44.25,119.3021011352539,106.95999908447266
2018-10-29,53.060001373291016,43.84000015258789,114.37858581542967,103.8499984741211
2018-10-30,53.32500076293945,44.58000183105469,110.3250503540039,103.7300033569336
2018-10-31,54.71500015258789,45.75,110.35372924804688,106.80999755859376
2018-11-01,55.55500030517578,45.650001525878906,111.6921615600586,105.91999816894533
2018-11-02,51.869998931884766,45.47999954223633,110.58317565917967,106.16000366210938
2018-11-05,50.397499084472656,46.13999938964844,114.78011322021484,107.51000213623048
2018-11-06,50.942501068115234,46.5,117.7055435180664,107.72000122070312
2018-11-07,52.48749923706055,47.900001525878906,119.34990692138672,111.95999908447266
2018-11-08,52.122501373291016,48.43999862670898,117.95410919189452,111.75
2018-11-09,51.11750030517578,47.11000061035156,118.1070785522461,109.56999969482422
2018-11-12,48.54249954223633,45.619998931884766,115.58317565917967,106.87000274658205
2018-11-13,48.057498931884766,45.119998931884766,115.52581024169922,106.94000244140624
2018-11-14,46.70000076293945,44.33000183105469,114.91395568847656,104.97000122070312
2018-11-15,47.852500915527344,46.77000045776367,116.09942626953124,107.27999877929688
2018-11-16,48.38249969482422,46.34999847412109,116.22370910644533,108.29000091552734
2018-11-19,46.46500015258789,45.75,115.01911926269533,104.62000274658205
2018-11-20,44.244998931884766,44.4900016784668,112.04589080810548,101.70999908447266
2018-11-21,44.19499969482422,44.88999938964844,113.35564422607422,103.11000061035156
2018-11-23,43.0724983215332,44.540000915527344,112.0363311767578,103.06999969482422
2018-11-26,43.65499877929688,45.56999969482422,114.3021011352539,106.47000122070312
2018-11-27,43.560001373291016,46.119998931884766,114.75143432617188,107.13999938964844
2018-11-28,45.23500061035156,47.290000915527344,117.5908203125,111.12000274658205
2018-11-29,44.88750076293945,47.34000015258789,116.13766479492188,110.19000244140624
2018-11-30,44.64500045776367,47.869998931884766,118.80496978759766,110.88999938964844
2018-12-03,46.20500183105469,48.7400016784668,119.79923248291016,112.08999633789062
2018-12-04,44.17250061035156,47.34999847412109,116.25238800048828,108.5199966430664
2018-12-06,43.68000030517578,48.38999938964844,118.46080017089844,109.19000244140624
2018-12-07,42.122501373291016,46.43999862670898,114.09178161621094,104.81999969482422
2018-12-10,42.400001525878906,46.86000061035156,115.80306243896484,107.58999633789062
2018-12-11,42.157501220703125,47.09000015258789,115.57361602783205,108.58999633789062
2018-12-12,42.275001525878906,47.41999816894531,115.8317413330078,109.08000183105467
2018-12-13,42.73749923706055,47.470001220703125,115.42064666748048,109.4499969482422
2018-12-14,41.369998931884766,45.81999969482422,114.6271514892578,106.02999877929688
2018-12-17,40.98500061035156,44.20000076293945,110.9942626953125,102.88999938964844
2018-12-18,41.51750183105469,44.060001373291016,111.52007293701172,103.97000122070312
2018-12-19,40.22249984741211,43.13999938964844,111.30975341796876,103.69000244140624
2018-12-20,39.20750045776367,42.4900016784668,108.04971313476562,101.51000213623048
2018-12-21,37.682498931884766,41.84999847412109,106.06118774414062,98.2300033569336
2018-12-24,36.70750045776367,40.27999877929688,102.83938598632812,94.12999725341795
2018-12-26,39.29249954223633,42.470001220703125,106.49139404296876,100.55999755859376
2018-12-27,39.03749847412109,42.90999984741211,108.77629089355467,101.18000030517578
2018-12-28,39.057498931884766,42.77000045776367,108.05927276611328,100.38999938964844
2018-12-31,39.435001373291016,43.33000183105469,108.67112731933594,101.56999969482422
2019-01-02,39.47999954223633,42.95000076293945,110.14340209960938,101.12000274658205
2019-01-03,35.54750061035156,41.06999969482422,107.94454956054688,97.4000015258789
2019-01-04,37.06499862670898,42.91999816894531,112.16061401367188,101.93000030517578
2019-01-07,36.98249816894531,43.209999084472656,112.95410919189452,102.05999755859376
2019-01-08,37.6875,43.560001373291016,114.56022644042967,102.8000030517578
2019-01-09,38.32749938964844,43.31999969482422,115.38240814208984,104.2699966430664
2019-01-10,38.45000076293945,43.2400016784668,116.4340362548828,103.5999984741211
2019-01-11,38.0724983215332,43.4900016784668,116.11854553222656,102.8000030517578
2019-01-14,37.5,43.209999084472656,115.0956039428711,102.0500030517578
2019-01-15,38.26750183105469,44.02000045776367,116.37667083740234,105.01000213623048
2019-01-16,38.73500061035156,43.959999084472656,116.2715072631836,105.37999725341795
2019-01-17,38.96500015258789,44.209999084472656,116.81644439697266,106.12000274658205
2019-01-18,39.20500183105469,45.02999877929688,118.37476348876952,107.70999908447266
2019-01-22,38.32500076293945,44.77999877929688,117.13192749023438,105.68000030517578
2019-01-23,38.47999954223633,45.459999084472656,127.04589080810548,106.70999908447266
2019-01-24,38.17499923706055,45.61000061035156,126.70172119140624,106.1999969482422
2019-01-25,39.43999862670898,46.130001068115234,128.07839965820312,107.16999816894533
2019-01-28,39.07500076293945,45.75,128.36520385742188,105.08000183105467
2019-01-29,38.66999816894531,45.959999084472656,128.4225616455078,102.94000244140624
2019-01-30,41.3125,46.709999084472656,128.47036743164062,106.37999725341795
2019-01-31,41.61000061035156,47.290000915527344,128.50860595703125,104.43000030517578
2019-02-01,41.630001068115234,47.34000015258789,128.2026824951172,102.77999877929688
2019-02-04,42.8125,47.34999847412109,129.24473571777344,105.73999786376952
2019-02-05,43.54499816894531,47.2599983215332,129.5889129638672,107.22000122070312
2019-02-06,43.560001373291016,47.47999954223633,130.32504272460938,106.02999877929688
2019-02-07,42.73500061035156,46.70000076293945,127.33269500732422,105.2699966430664
2019-02-08,42.602500915527344,47.18999862670898,127.82982635498048,105.66999816894533
2019-02-11,42.35749816894531,47.58000183105469,128.09751892089844,105.25
2019-02-12,42.72249984741211,47.88999938964844,130.06692504882812,106.88999938964844
2019-02-13,42.54499816894531,47.5,131.47227478027344,106.80999755859376
2019-02-14,42.70000076293945,48.400001525878906,130.47801208496094,106.9000015258789
2019-02-15,42.60499954223633,49.43000030517578,131.95985412597656,108.22000122070312
2019-02-19,42.73249816894531,49.650001525878906,132.6003875732422,108.16999816894533
2019-02-20,43.00749969482422,49.630001068115234,131.93116760253906,107.1500015258789
2019-02-21,42.76499938964844,49.40999984741211,131.7781982421875,109.41000366210938
2019-02-22,43.24250030517578,50.11000061035156,133.12619018554688,110.97000122070312
2019-02-25,43.557498931884766,50.790000915527344,133.32696533203125,111.58999633789062
2019-02-26,43.58250045776367,51.18000030517578,133.57553100585938,112.36000061035156
2019-02-27,43.71749877929688,51.59000015258789,133.04971313476562,112.16999816894533
2019-02-28,43.28749847412109,51.77000045776367,132.05545043945312,112.02999877929688
2019-03-01,43.74250030517578,51.40999984741211,133.07839965820312,112.52999877929688
2019-03-04,43.962501525878906,51.15999984741211,132.34225463867188,112.26000213623048
2019-03-05,43.88249969482422,51.29999923706055,131.81643676757812,111.6999969482422
2019-03-06,43.630001068115234,51.66999816894531,130.95602416992188,111.75
2019-03-07,43.125,51.290000915527344,129.4072723388672,110.38999938964844
2019-03-08,43.227500915527344,51.06999969482422,129.14913940429688,110.51000213623048
2019-03-11,44.72499847412109,51.91999816894531,131.65391540527344,112.83000183105467
2019-03-12,45.227500915527344,52.150001525878906,132.1988525390625,113.62000274658205
2019-03-13,45.4275016784668,52.59000015258789,132.46653747558594,114.5
2019-03-14,45.932498931884766,52.7400016784668,132.68641662597656,114.58999633789062
2019-03-15,46.52999877929688,53.20000076293945,133.29827880859375,115.91000366210938
2019-03-18,47.005001068115234,53.5099983215332,134.04397583007812,117.56999969482422
2019-03-19,46.63249969482422,53.310001373291016,134.31166076660156,117.6500015258789
2019-03-20,47.040000915527344,53.2599983215332,133.46080017089844,117.5199966430664
2019-03-21,48.772499084472656,53.93999862670898,135.21987915039062,120.22000122070312
2019-03-22,47.76250076293945,52.7400016784668,133.31739807128906,117.0500030517578
2019-03-25,47.185001373291016,52.72999954223633,133.0592803955078,117.66000366210938
2019-03-26,46.6974983215332,53.22999954223633,134.0535430908203,117.91000366210938
2019-03-27,47.11750030517578,53.13999938964844,133.11663818359375,116.7699966430664
2019-03-28,47.18000030517578,53.36000061035156,133.7667236328125,116.93000030517578
2019-03-29,47.48749923706055,53.9900016784668,134.89483642578125,117.94000244140624
2019-04-01,47.810001373291016,54.97999954223633,136.9980926513672,119.0199966430664
2019-04-02,48.505001068115234,55.290000915527344,136.71128845214844,119.19000244140624
2019-04-03,48.837501525878906,55.630001068115234,137.31358337402344,119.97000122070312
2019-04-04,48.92250061035156,55.13999938964844,136.50096130371094,119.36000061035156
2019-04-05,49.25,55.209999084472656,136.97897338867188,119.88999938964844
2019-04-08,50.025001525878906,55.4900016784668,137.08413696289062,119.93000030517578
2019-04-09,49.875,55.18000030517578,135.8604278564453,119.27999877929688
2019-04-10,50.15499877929688,55.81999969482422,136.73040771484375,120.19000244140624
2019-04-11,49.73749923706055,55.59999847412109,137.4569854736328,120.33000183105467
2019-04-12,49.71749877929688,56.290000915527344,138.0019073486328,120.9499969482422
2019-04-15,49.807498931884766,56.560001373291016,137.5717010498047,121.0500030517578
2019-04-16,49.8125,56.95000076293945,138.75717163085938,120.7699966430664
2019-04-17,50.782501220703125,56.310001373291016,132.9923553466797,121.7699966430664
2019-04-18,50.96500015258789,56.400001525878906,134.15870666503906,123.37000274658205
2019-04-22,51.13249969482422,56.34000015258789,132.7820281982422,123.76000213623048
2019-04-23,51.869998931884766,56.68999862670898,134.26385498046875,125.44000244140624
2019-04-24,51.790000915527344,56.880001068115234,133.79541015625,125.01000213623048
2019-04-25,51.31999969482422,56.33000183105469,132.53346252441406,129.14999389648438
2019-04-26,51.07500076293945,55.880001068115234,133.30784606933594,129.88999938964844
2019-04-29,51.15250015258789,56.130001068115234,132.93499755859375,129.77000427246094
2019-04-30,50.16749954223633,55.95000076293945,134.10133361816406,130.60000610351562
2019-05-01,52.630001068115234,55.58000183105469,134.3785858154297,127.87999725341795
2019-05-02,52.28749847412109,54.93999862670898,133.4512481689453,126.20999908447266
2019-05-03,52.9375,54.93999862670898,134.08221435546875,128.89999389648438
2019-05-06,52.119998931884766,54.59000015258789,134.2064971923828,128.14999389648438
2019-05-07,50.71500015258789,53.45000076293945,131.58700561523438,125.5199966430664
2019-05-08,50.72499847412109,53.470001220703125,131.93116760253906,125.51000213623048
2019-05-09,50.18000030517578,52.91999816894531,129.3881378173828,125.5
2019-05-10,49.29499816894531,53.36000061035156,129.3690185546875,127.12999725341795
2019-05-13,46.43000030517578,51.29999923706055,125.64053344726562,123.3499984741211
2019-05-14,47.165000915527344,52.02000045776367,127.44741821289062,124.7300033569336
2019-05-15,47.72999954223633,52.43999862670898,128.48948669433594,126.0199966430664
2019-05-16,47.52000045776367,55.93000030517578,129.90440368652344,128.92999267578125
2019-05-17,47.25,56.34999847412109,128.41299438476562,128.07000732421875
2019-05-20,45.772499084472656,56.0099983215332,129.17782592773438,126.22000122070312
2019-05-21,46.650001525878906,56.52000045776367,130.44932556152344,126.9000015258789
2019-05-22,45.69499969482422,55.68999862670898,130.35372924804688,127.66999816894533
2019-05-23,44.915000915527344,54.18999862670898,126.56787872314452,126.18000030517578
2019-05-24,44.74250030517578,54.369998931884766,126.46271514892578,126.23999786376952
2019-05-28,44.557498931884766,53.93000030517578,124.7227554321289,126.16000366210938
2019-05-29,44.345001220703125,53.18000030517578,123.9866180419922,124.94000244140624
2019-05-30,44.57500076293945,53.56999969482422,123.87189483642578,125.7300033569336
2019-05-31,43.76750183105469,52.02999877929688,121.40535736083984,123.68000030517578
2019-06-03,43.32500076293945,51.77999877929688,122.62906646728516,119.83999633789062
2019-06-04,44.90999984741211,53.22999954223633,126.85468292236328,123.16000366210938
2019-06-05,45.6349983215332,54.75,125.70745849609376,125.83000183105467
2019-06-06,46.30500030517578,55.09999847412109,126.40535736083984,127.81999969482422
2019-06-07,47.53749847412109,55.93000030517578,127.44741821289062,131.39999389648438
2019-06-10,48.14500045776367,56.41999816894531,128.8145294189453,132.60000610351562
2019-06-11,48.70249938964844,57.11000061035156,129.9713134765625,132.10000610351562
2019-06-12,48.54750061035156,55.86000061035156,128.93881225585938,131.49000549316406
2019-06-13,48.53749847412109,56.16999816894531,129.7896728515625,132.32000732421875
2019-06-14,48.185001373291016,54.75,129.2064971923828,132.4499969482422
2019-06-17,48.47249984741211,55.400001525878906,129.01528930664062,132.85000610351562
2019-06-18,49.61249923706055,56.04999923706055,130.38241577148438,135.16000366210938
2019-06-19,49.46749877929688,56.130001068115234,131.05162048339844,135.69000244140625
2019-06-20,49.8650016784668,57.40999984741211,132.74378967285156,136.9499969482422
2019-06-21,49.69499969482422,57.02999877929688,133.07839965820312,136.97000122070312
2019-06-24,49.64500045776367,57.18000030517578,133.2218017578125,137.77999877929688
2019-06-25,48.89250183105469,56.08000183105469,132.27532958984375,133.42999267578125
2019-06-26,49.95000076293945,56.59999847412109,132.4282989501953,133.92999267578125
2019-06-27,49.935001373291016,55.72999954223633,132.4282989501953,134.14999389648438
2019-06-28,49.47999954223633,54.72999954223633,131.8355712890625,133.9600067138672
2019-07-01,50.38750076293945,54.7400016784668,133.72848510742188,135.67999267578125
2019-07-02,50.682498931884766,55.810001373291016,134.0535430908203,136.5800018310547
2019-07-03,51.102500915527344,56.47999954223633,135.31549072265625,137.4600067138672
2019-07-05,51.057498931884766,56.59999847412109,135.1625213623047,137.05999755859375
2019-07-08,50.005001068115234,56.18999862670898,134.3881378173828,136.9600067138672
2019-07-09,50.310001373291016,56.34000015258789,133.2026824951172,136.4600067138672
2019-07-10,50.807498931884766,57.130001068115234,134.29254150390625,137.85000610351562
2019-07-11,50.4375,57.29999923706055,135.0286865234375,138.39999389648438
2019-07-12,50.82500076293945,57.95000076293945,136.46270751953125,138.89999389648438
2019-07-15,51.3025016784668,58.04999923706055,137.0172119140625,138.89999389648438
2019-07-16,51.125,57.619998931884766,137.2179718017578,137.0800018310547
2019-07-17,50.837501525878906,57.209999084472656,136.7781982421875,136.27000427246094
2019-07-18,51.415000915527344,57.7400016784668,143.04971313476562,136.4199981689453
2019-07-19,50.647499084472656,57.36000061035156,143.09751892089844,136.6199951171875
2019-07-22,51.80500030517578,57.72999954223633,143.15487670898438,138.42999267578125
2019-07-23,52.209999084472656,57.709999084472656,143.7667236328125,139.2899932861328
2019-07-24,52.16749954223633,57.22999954223633,143.43212890625,140.72000122070312
2019-07-25,51.755001068115234,56.619998931884766,143.7762908935547,140.19000244140625
2019-07-26,51.935001373291016,56.52999877929688,144.70362854003906,141.33999633789062
2019-07-29,52.41999816894531,56.93000030517578,144.24473571777344,141.02999877929688
2019-07-30,52.19499969482422,56.470001220703125,143.18356323242188,140.35000610351562
2019-07-31,53.2599983215332,55.400001525878906,141.72084045410156,136.27000427246094
2019-08-01,52.10749816894531,55.38999938964844,143.70936584472656,138.05999755859375
2019-08-02,51.005001068115234,53.25,140.77438354492188,136.89999389648438
2019-08-05,48.334999084472656,51.369998931884766,134.56979370117188,132.2100067138672
2019-08-06,49.25,52.59999847412109,134.54110717773438,134.69000244140625
2019-08-07,49.7599983215332,52.34000015258789,132.9923553466797,135.27999877929688
2019-08-08,50.85749816894531,53.15999984741211,133.93881225585938,138.88999938964844
2019-08-09,50.247501373291016,52.43000030517578,130.14340209960938,137.7100067138672
2019-08-12,50.119998931884766,51.540000915527344,127.79158782958984,135.7899932861328
2019-08-13,52.24250030517578,52.720001220703125,129.818359375,138.60000610351562
2019-08-14,50.6875,50.61000061035156,125.47801208496094,133.97999572753906
2019-08-15,50.435001373291016,46.25,126.11854553222656,133.67999267578125
2019-08-16,51.625,46.959999084472656,127.87763214111328,136.1300048828125
2019-08-19,52.587501525878906,48.5,129.10133361816406,138.41000366210938
2019-08-20,52.59000015258789,47.93000030517578,127.15105438232422,137.25999450683594
2019-08-21,53.15999984741211,48.77000045776367,128.34608459472656,138.7899932861328
2019-08-22,53.1150016784668,48.18000030517578,128.41299438476562,137.77999877929688
2019-08-23,50.65999984741211,46.61000061035156,123.87189483642578,133.38999938964844
2019-08-26,51.622501373291016,47.09999847412109,124.27342224121094,135.4499969482422
2019-08-27,51.040000915527344,46.790000915527344,125.40152740478516,135.74000549316406
2019-08-28,51.38249969482422,46.869998931884766,126.9216079711914,135.55999755859375
2019-08-29,52.25249862670898,47.27000045776367,128.94837951660156,138.1199951171875
2019-08-30,52.185001373291016,46.810001373291016,129.56979370117188,137.86000061035156
2019-09-03,51.42499923706055,46.5,128.2026824951172,136.0399932861328
2019-09-04,52.29750061035156,47.31999969482422,130.32504272460938,137.6300048828125
2019-09-05,53.31999969482422,48.41999816894531,134.7705535888672,140.0500030517578
2019-09-06,53.31499862670898,48.84000015258789,134.3881378173828,139.10000610351562
2019-09-09,53.54249954223633,48.58000183105469,136.32887268066406,137.52000427246094
2019-09-10,54.17499923706055,49.209999084472656,138.67112731933594,136.0800018310547
2019-09-11,55.897499084472656,50.02999877929688,137.28489685058594,136.1199951171875
2019-09-12,55.772499084472656,49.93000030517578,137.30401611328125,137.52000427246094
2019-09-13,54.6875,50.02999877929688,137.35182189941406,137.32000732421875
2019-09-16,54.97499847412109,49.959999084472656,136.21414184570312,136.3300018310547
2019-09-17,55.17499923706055,49.40999984741211,135.9464569091797,137.38999938964844
2019-09-18,55.692501068115234,49.34000015258789,135.965576171875,138.52000427246094
2019-09-19,55.2400016784668,49.18999862670898,136.68260192871094,141.07000732421875
2019-09-20,54.432498931884766,49.59999847412109,135.64053344726562,139.44000244140625
2019-09-23,54.68000030517578,49.41999816894531,135.82217407226562,139.13999938964844
2019-09-24,54.41999816894531,49.119998931884766,135.44932556152344,137.3800048828125
2019-09-25,55.25749969482422,49.61000061035156,136.86424255371094,139.36000061035156
2019-09-26,54.97249984741211,48.83000183105469,137.23709106445312,139.5399932861328
2019-09-27,54.70500183105469,48.84000015258789,136.9407196044922,137.72999572753906
2019-09-30,55.99250030517578,49.40999984741211,139.0248565673828,139.02999877929688
2019-10-01,56.147499084472656,47.7400016784668,137.34225463867188,137.07000732421875
2019-10-02,54.7400016784668,46.560001373291016,135.45889282226562,134.64999389648438
2019-10-03,55.20500183105469,47.060001373291016,135.77438354492188,136.27999877929688
2019-10-04,56.75249862670898,47.52000045776367,136.70172119140625,138.1199951171875
2019-10-07,56.76499938964844,47.77000045776367,135.06692504882812,137.1199951171875
2019-10-08,56.09999847412109,46.38999938964844,132.29444885253906,135.6699981689453
2019-10-09,56.75749969482422,46.84000015258789,133.52772521972656,138.24000549316406
2019-10-10,57.522499084472656,46.150001525878906,134.92352294921875,139.10000610351562
2019-10-11,59.0525016784668,46.560001373291016,136.48184204101562,139.67999267578125
2019-10-14,58.96749877929688,46.04999923706055,135.7935028076172,139.5500030517578
2019-10-15,58.83000183105469,46.36000061035156,136.71128845214844,141.57000732421875
2019-10-16,58.59249877929688,46.790000915527344,135.8604278564453,140.41000366210938
2019-10-17,58.81999969482422,47.02999877929688,128.3556365966797,139.69000244140625
2019-10-18,59.102500915527344,46.709999084472656,128.193115234375,137.41000366210938
2019-10-21,60.12749862670898,47.38999938964844,126.74951934814452,138.42999267578125
2019-10-22,59.9900016784668,47.54999923706055,128.06883239746094,136.3699951171875
2019-10-23,60.79499816894531,47.04999923706055,128.47036743164062,137.24000549316406
2019-10-24,60.89500045776367,46.40999984741211,128.1739959716797,139.94000244140625
2019-10-25,61.64500045776367,46.900001525878906,129.48374938964844,140.72999572753906
2019-10-28,62.26250076293945,47.16999816894531,129.9904327392578,144.19000244140625
2019-10-29,60.8224983215332,47.2400016784668,127.93498992919922,142.8300018310547
2019-10-30,60.81499862670898,47.560001373291016,129.30210876464844,144.61000061035156
2019-10-31,62.18999862670898,47.5099983215332,127.84894561767578,143.3699951171875
2019-11-01,63.95500183105469,47.02999877929688,129.56979370117188,143.72000122070312
2019-11-04,64.375,47.47999954223633,131.6156768798828,144.5500030517578
2019-11-05,64.28250122070312,47.7599983215332,131.8260040283203,144.4600067138672
2019-11-06,64.30999755859375,48.27000045776367,132.67686462402344,144.05999755859375
2019-11-07,64.85749816894531,48.41999816894531,131.63479614257812,144.25999450683594
2019-11-08,65.03500366210938,48.83000183105469,131.55831909179688,145.9600067138672
2019-11-11,65.55000305175781,48.09999847412109,129.51242065429688,146.11000061035156
2019-11-12,65.48999786376953,48.369998931884766,129.6271514892578,147.07000732421875
2019-11-13,66.11750030517578,48.459999084472656,128.5659637451172,147.30999755859375
2019-11-14,65.66000366210938,44.90999984741211,128.10707092285156,148.05999755859375
2019-11-15,66.44000244140625,45.09000015258789,128.48948669433594,149.97000122070312
2019-11-18,66.7750015258789,45.150001525878906,128.4034423828125,150.33999633789062
2019-11-19,66.57250213623047,45.470001220703125,128.6042022705078,150.38999938964844
2019-11-20,65.79750061035156,45.08000183105469,127.34225463867188,149.6199951171875
2019-11-21,65.50250244140625,44.84000015258789,127.95410919189452,149.47999572753906
2019-11-22,65.44499969482422,44.84999847412109,128.43212890625,149.58999633789062
2019-11-25,66.59249877929688,45.45000076293945,129.9904327392578,151.22999572753906
2019-11-26,66.07250213623047,45.310001373291016,129.14913940429688,152.02999877929688
2019-11-27,66.95999908447266,45.2400016784668,127.88719177246094,152.32000732421875
2019-11-29,66.8125,45.310001373291016,128.53729248046875,151.3800048828125
2019-12-02,66.04000091552734,44.70000076293945,127.06501007080078,149.5500030517578
2019-12-03,64.86250305175781,44.27999877929688,126.30975341796876,149.30999755859375
2019-12-04,65.43499755859375,43.88999938964844,126.18547058105467,149.85000610351562
2019-12-05,66.3949966430664,43.52000045776367,126.1089859008789,149.92999267578125
2019-12-06,67.67749786376953,43.84000015258789,127.3613739013672,151.75
2019-12-09,66.7300033569336,43.900001525878906,128.0305938720703,151.36000061035156
2019-12-10,67.12000274658203,44.09999847412109,128.02102661132812,151.1300048828125
2019-12-11,67.69249725341797,44.27999877929688,127.87763214111328,151.6999969482422
2019-12-12,67.86499786376953,45.66999816894531,129.3690185546875,153.24000549316406
2019-12-13,68.7874984741211,45.29999923706055,128.30784606933594,154.52999877929688
2019-12-16,69.96499633789062,45.97999954223633,128.23135375976562,155.52999877929688
2019-12-17,70.10250091552734,46.43999862670898,128.31739807128906,154.69000244140625
2019-12-18,69.93499755859375,46.63999938964844,128.49903869628906,154.3699951171875
2019-12-19,70.00499725341797,47.880001068115234,128.64244079589844,155.7100067138672
2019-12-20,69.86000061035156,47.45000076293945,129.6271514892578,157.41000366210938
2019-12-23,71.0,48.09999847412109,129.5889129638672,157.41000366210938
2019-12-24,71.06749725341797,47.77999877929688,129.04397583007812,157.3800048828125
2019-12-26,72.47750091552734,47.84999847412109,128.97705078125,158.6699981689453
2019-12-27,72.44999694824219,47.77000045776367,129.32122802734375,158.9600067138672
2019-12-30,72.87999725341797,47.59000015258789,126.96940612792967,157.58999633789062
2019-12-31,73.4124984741211,47.959999084472656,128.1453094482422,157.6999969482422
2020-01-02,75.0875015258789,48.41999816894531,129.46463012695312,160.6199951171875
2020-01-03,74.35749816894531,47.630001068115234,128.43212890625,158.6199951171875
2020-01-06,74.94999694824219,47.79999923706055,128.2026824951172,159.02999877929688
2020-01-07,74.59750366210938,47.4900016784668,128.28871154785156,157.5800018310547
2020-01-08,75.79750061035156,47.52000045776367,129.35946655273438,160.08999633789062
2020-01-09,77.40750122070312,47.31999969482422,130.72657775878906,162.08999633789062
2020-01-10,77.5824966430664,47.130001068115234,130.67877197265625,161.33999633789062
2020-01-13,79.23999786376953,47.970001220703125,130.5927276611328,163.27999877929688
2020-01-14,78.16999816894531,47.790000915527344,129.84703063964844,162.1300048828125
2020-01-15,77.83499908447266,48.0099983215332,130.6118621826172,163.17999267578125
2020-01-16,78.80999755859375,49.04999923706055,131.91204833984375,166.1699981689453
2020-01-17,79.68250274658203,49.02000045776367,132.2275390625,167.10000610351562
2020-01-21,79.14250183105469,48.79999923706055,133.04971313476562,166.5
2020-01-22,79.42500305175781,49.06999969482422,137.5621337890625,165.6999969482422
2020-01-23,79.80750274658203,49.0,136.58700561523438,166.72000122070312
2020-01-24,79.57749938964844,48.84999847412109,134.3785858154297,165.0399932861328
2020-01-27,77.23750305175781,47.470001220703125,132.52389526367188,162.27999877929688
2020-01-28,79.42250061035156,47.77000045776367,133.41299438476562,165.4600067138672
2020-01-29,81.08499908447266,47.04999923706055,131.63479614257812,168.0399932861328
2020-01-30,80.96749877929688,47.2400016784668,130.75526428222656,172.77999877929688
2020-01-31,77.37750244140625,45.970001220703125,137.4091796875,170.22999572753906
2020-02-03,77.16500091552734,46.52999877929688,139.8374786376953,174.3800048828125
2020-02-04,79.7125015258789,47.619998931884766,142.55258178710938,180.1199951171875
2020-02-05,80.36250305175781,48.45000076293945,149.45506286621094,179.89999389648438
2020-02-06,81.30249786376953,48.68999862670898,149.86614990234375,183.6300048828125
2020-02-07,80.00749969482422,47.970001220703125,146.66348266601562,183.88999938964844
2020-02-10,80.38749694824219,48.869998931884766,147.6386260986328,188.6999969482422
2020-02-11,79.90249633789062,49.130001068115234,146.73040771484375,184.44000244140625
2020-02-12,81.80000305175781,49.93000030517578,148.47991943359375,184.7100067138672
2020-02-13,81.21749877929688,47.31999969482422,147.52389526367188,183.7100067138672
2020-02-14,81.23750305175781,46.970001220703125,144.07266235351562,185.3500061035156
2020-02-18,79.75,46.59000015258789,144.45506286621094,187.22999572753903
2020-02-19,80.90499877929688,46.290000915527344,144.22561645507812,187.27999877929688
2020-02-20,80.07499694824219,46.84999847412109,144.56979370117188,184.4199981689453
2020-02-21,78.26249694824219,46.29999923706055,143.25047302246094,178.58999633789062
2020-02-24,74.54499816894531,44.0,139.9904327392578,170.88999938964844
2020-02-25,72.0199966430664,42.7400016784668,135.47801208496094,168.07000732421875
2020-02-26,73.1624984741211,42.15999984741211,133.6042022705078,170.1699981689453
2020-02-27,68.37999725341797,40.040000915527344,127.25621032714844,158.17999267578125
2020-02-28,68.33999633789062,39.93000030517578,124.42638397216795,162.00999450683594
2020-03-02,74.70249938964844,41.16999816894531,128.3938751220703,172.7899932861328
2020-03-03,72.33000183105469,40.040000915527344,123.23136138916016,164.50999450683594
2020-03-04,75.68499755859375,41.38999938964844,128.31739807128906,170.5500030517578
2020-03-05,73.2300033569336,39.56999969482422,123.85277557373048,166.27000427246094
2020-03-06,72.25749969482422,39.68000030517578,122.11280822753906,161.57000732421875
2020-03-09,66.5425033569336,37.959999084472656,112.62906646728516,150.6199951171875
2020-03-10,71.33499908447266,40.08000183105469,119.2829818725586,160.9199981689453
2020-03-11,68.85749816894531,37.04999923706055,112.7820281982422,153.6300048828125
2020-03-12,62.057498931884766,33.20000076293945,98.2887191772461,139.05999755859375
2020-03-13,69.49250030517578,37.63999938964844,103.20267486572266,158.8300018310547
2020-03-16,60.5525016784668,33.709999084472656,94.7227554321289,135.4199981689453
2020-03-17,63.21500015258789,35.5,101.95984649658205,146.57000732421875
2020-03-18,61.66749954223633,37.119998931884766,98.99617767333984,140.39999389648438
2020-03-19,61.19499969482422,37.709999084472656,95.9273452758789,142.7100067138672
2020-03-20,57.310001373291016,35.599998474121094,91.19503021240234,137.35000610351562
2020-03-23,56.09249877929688,34.599998474121094,90.602294921875,135.97999572753906
2020-03-24,61.720001220703125,38.59999847412109,100.84130096435548,148.33999633789062
2020-03-25,61.380001068115234,37.66999816894531,101.19503021240234,146.9199981689453
2020-03-26,64.61000061035156,40.58000183105469,107.92543029785156,156.11000061035156
2020-03-27,61.935001373291016,38.81999969482422,103.27915954589844,149.6999969482422
2020-03-30,63.70249938964844,40.31999969482422,107.9636688232422,160.22999572753906
2020-03-31,63.5724983215332,39.310001373291016,106.05162811279295,157.7100067138672
2020-04-01,60.227500915527344,38.33000183105469,100.51625061035156,152.11000061035156
2020-04-02,61.23249816894531,39.79999923706055,105.16252136230467,155.25999450683594
2020-04-03,60.352500915527344,39.060001373291016,101.66348266601562,153.8300018310547
2020-04-06,65.61750030517578,41.43000030517578,109.7705535888672,165.27000427246094
2020-04-07,64.85749816894531,40.63999938964844,109.8852767944336,163.49000549316406
2020-04-08,66.51750183105469,41.7400016784668,114.04397583007812,165.1300048828125
2020-04-09,66.99749755859375,41.20000076293945,116.15679168701172,165.13999938964844
2020-04-13,68.3125,41.220001220703125,115.82218170166016,165.50999450683594
2020-04-14,71.76249694824219,42.77999877929688,118.46080017089844,173.6999969482422
2020-04-15,71.10749816894531,41.52000045776367,113.4703598022461,171.8800048828125
2020-04-16,71.67250061035156,41.5,110.64053344726562,177.0399932861328
2020-04-17,70.69999694824219,42.47999954223633,114.83747863769533,178.60000610351562
2020-04-20,69.23249816894531,42.540000915527344,115.1147232055664,175.05999755859375
2020-04-21,67.09249877929688,40.54999923706055,111.62523651123048,167.82000732421875
2020-04-22,69.0250015258789,41.7599983215332,114.06309509277344,173.52000427246094
2020-04-23,68.75749969482422,41.619998931884766,116.0133819580078,171.4199981689453
2020-04-24,70.74250030517578,42.52000045776367,119.23518371582033,174.5500030517578
2020-04-27,70.7925033569336,43.060001373291016,120.38240814208984,174.0500030517578
2020-04-28,69.6449966430664,42.4900016784668,120.7170181274414,169.80999755859375
2020-04-29,71.93250274658203,43.34000015258789,123.03059387207033,177.42999267578125
2020-04-30,73.44999694824219,42.380001068115234,120.03823852539062,179.2100067138672
2020-05-01,72.26750183105469,40.91999816894531,116.51051330566406,174.57000732421875
2020-05-04,73.29000091552734,41.34999847412109,116.32887268066406,178.83999633789062
2020-05-05,74.38999938964844,41.459999084472656,117.18929290771484,180.75999450683597
2020-05-06,75.15750122070312,41.150001525878906,117.75334930419922,182.5399932861328
2020-05-07,75.93499755859375,41.369998931884766,115.8986587524414,183.6000061035156
2020-05-08,77.53250122070312,42.9900016784668,117.58126068115234,184.67999267578125
2020-05-11,78.75250244140625,43.31999969482422,117.1988525390625,186.7400054931641
2020-05-12,77.85250091552734,43.220001220703125,114.97132110595705,182.50999450683597
2020-05-13,76.9124984741211,41.95000076293945,110.64053344726562,179.75
2020-05-14,77.38500213623047,43.84999847412109,111.806884765625,180.52999877929688
2020-05-15,76.92749786376953,44.27000045776367,111.83556365966795,183.16000366210935
2020-05-18,78.73999786376953,45.060001373291016,116.21414947509766,184.91000366210935
2020-05-19,78.28500366210938,44.61000061035156,115.0,183.6300048828125
2020-05-20,79.80750274658203,45.43999862670898,116.04206848144533,185.66000366210935
2020-05-21,79.2125015258789,44.63999938964844,113.88145446777344,183.42999267578125
2020-05-22,79.72250366210938,44.900001525878906,113.18355560302734,183.50999450683597
2020-05-26,79.18250274658203,44.84000015258789,116.40535736083984,181.57000732421875
2020-05-27,79.52749633789062,45.959999084472656,120.01911926269533,181.80999755859372
2020-05-28,79.5625,45.59999847412109,119.05353546142578,181.3999938964844
2020-05-29,79.48500061035156,47.81999969482422,119.40726470947266,183.25
2020-06-01,80.4625015258789,46.29999923706055,119.397705078125,182.8300018310547
2020-06-02,80.83499908447266,46.88999938964844,120.45889282226562,184.91000366210935
2020-06-03,81.27999877929688,46.93999862670898,123.37476348876952,185.3600006103516
2020-06-04,80.58000183105469,46.86000061035156,123.22179412841795,182.9199981689453
2020-06-05,82.875,47.83000183105469,126.25238800048828,187.1999969482422
2020-06-08,83.36499786376953,48.130001068115234,129.78012084960938,188.3600006103516
2020-06-09,85.99749755859375,48.04999923706055,126.07074737548828,189.8000030517578
2020-06-10,88.20999908447266,47.41999816894531,124.15869903564452,196.83999633789065
2020-06-11,83.9749984741211,43.66999816894531,112.8202667236328,186.2700042724609
2020-06-12,84.69999694824219,45.06999969482422,116.54875946044922,187.7400054931641
2020-06-15,85.74749755859375,45.34999847412109,116.3001937866211,188.94000244140625
2020-06-16,88.0199966430664,46.47999954223633,119.64627075195312,193.57000732421875
2020-06-17,87.89749908447266,46.16999816894531,118.69024658203124,194.2400054931641
2020-06-18,87.93250274658203,45.83000183105469,118.6998062133789,196.32000732421875
2020-06-19,87.43000030517578,45.31999969482422,117.0841293334961,195.1499938964844
2020-06-22,89.71749877929688,45.15999984741211,115.74569702148438,200.57000732421875
2020-06-23,91.63249969482422,45.470001220703125,114.15869903564452,201.91000366210935
2020-06-24,90.01499938964844,44.75,111.3001937866211,197.83999633789065
2020-06-25,91.20999908447266,45.220001220703125,113.79541015625,200.33999633789065
2020-06-26,88.40750122070312,46.310001373291016,112.0363311767578,196.3300018310547
2020-06-29,90.44499969482422,46.150001525878906,114.48374938964844,198.44000244140625
2020-06-30,91.1999969482422,46.63999938964844,115.45889282226562,203.50999450683597
2020-07-01,91.02749633789062,46.060001373291016,113.32695770263672,204.6999969482422
2020-07-02,91.02749633789062,45.630001068115234,114.43594360351562,206.25999450683597
2020-07-06,93.4625015258789,46.41999816894531,114.9043960571289,210.6999969482422
2020-07-07,93.17250061035156,45.630001068115234,112.4091796875,208.25
2020-07-08,95.34249877929688,45.810001373291016,112.53346252441406,212.8300018310547
2020-07-09,95.75250244140624,46.70000076293945,110.62141418457033,214.32000732421875
2020-07-10,95.91999816894533,46.65999984741211,113.14531707763672,213.6699981689453
2020-07-13,95.47750091552734,45.93000030517578,113.95793151855467,207.07000732421875
2020-07-14,97.05750274658205,46.2599983215332,115.2963638305664,208.3500061035156
2020-07-15,97.7249984741211,46.400001525878906,117.5908203125,208.0399932861328
2020-07-16,96.52249908447266,45.77999877929688,118.55640411376952,203.9199981689453
2020-07-17,96.32749938964844,46.75,119.6080322265625,202.8800048828125
2020-07-20,98.35749816894533,46.970001220703125,120.8126220703125,211.6000061035156
2020-07-21,97.0,47.02000045776367,120.51625061035156,208.75
2020-07-22,97.27249908447266,46.900001525878906,123.011474609375,211.75
2020-07-23,92.84500122070312,47.40999984741211,121.73040008544922,202.5399932861328
2020-07-24,92.61499786376952,46.400001525878906,120.25812530517578,201.3000030517578
2020-07-27,94.80999755859376,47.18999862670898,120.65965270996094,203.8500061035156
2020-07-28,93.25250244140624,46.27999877929688,118.99617767333984,202.0200042724609
2020-07-29,95.04000091552734,46.709999084472656,119.8087921142578,204.05999755859372
2020-07-30,96.19000244140624,46.43999862670898,117.4952163696289,203.8999938964844
2020-07-31,106.26000213623048,47.09999847412109,117.53346252441406,205.00999450683597
2020-08-03,108.9375,47.15999984741211,118.84320831298828,216.5399932861328
2020-08-04,109.66500091552734,47.66999816894531,120.30592346191406,213.2899932861328
2020-08-05,110.0625,47.33000183105469,119.93307495117188,212.94000244140625
2020-08-06,113.90249633789062,47.77000045776367,120.57361602783205,216.3500061035156
2020-08-07,111.1125030517578,47.43000030517578,119.46463012695312,212.47999572753903
2020-08-10,112.72750091552734,47.72999954223633,121.52007293701172,208.25
2020-08-11,109.375,47.18999862670898,121.17591094970705,203.3800048828125
2020-08-12,113.01000213623048,48.09999847412109,121.12810516357422,209.19000244140625
2020-08-13,115.01000213623048,42.720001220703125,119.53154754638672,208.6999969482422
2020-08-14,114.90750122070312,42.5,119.76099395751952,208.8999938964844
2020-08-17,114.60749816894533,42.09000015258789,118.96749877929688,210.27999877929688
2020-08-18,115.5625,41.97999954223633,119.42638397216795,211.4900054931641
2020-08-19,115.7074966430664,41.869998931884766,118.39388275146484,209.6999969482422
2020-08-20,118.2750015258789,42.310001373291016,117.73422241210938,214.5800018310547
2020-08-21,124.37000274658205,42.25,117.74378967285156,213.0200042724609
2020-08-24,125.85749816894533,42.18000030517578,120.15296173095705,213.69000244140625
2020-08-25,124.8249969482422,41.959999084472656,119.15869903564452,216.47000122070312
2020-08-26,126.52249908447266,42.25,118.70936584472656,221.1499938964844
2020-08-27,125.01000213623048,42.290000915527344,119.1682586669922,226.5800018310547
2020-08-28,124.80750274658205,42.20000076293945,119.56979370117188,228.91000366210935
2020-08-31,129.0399932861328,42.220001220703125,117.88719177246094,225.52999877929688
2020-09-01,134.17999267578125,42.02999877929688,117.97322845458984,227.2700042724609
2020-09-02,131.39999389648438,42.41999816894531,122.54302215576172,231.6499938964844
2020-09-03,120.87999725341795,40.95000076293945,118.97705841064452,217.3000030517578
2020-09-04,120.95999908447266,40.81999969482422,116.9216079711914,214.25
2020-09-08,112.81999969482422,40.0,115.8795394897461,202.66000366210935
2020-09-09,117.31999969482422,40.130001068115234,116.88336181640624,211.2899932861328
2020-09-10,113.48999786376952,39.56999969482422,115.25812530517578,205.3699951171875
2020-09-11,112.0,39.880001068115234,116.11854553222656,204.02999877929688
2020-09-14,115.36000061035156,40.369998931884766,116.72084045410156,205.41000366210935
2020-09-15,115.54000091552734,40.59999847412109,117.05545043945312,208.77999877929688
2020-09-16,112.12999725341795,40.41999816894531,118.75717163085938,205.0500030517578
2020-09-17,110.33999633789062,40.369998931884766,119.42638397216795,202.91000366210935
2020-09-18,106.83999633789062,39.810001373291016,117.3613739013672,200.38999938964844
2020-09-21,110.08000183105467,39.040000915527344,114.96176147460938,202.5399932861328
2020-09-22,111.80999755859376,39.31999969482422,115.2103271484375,207.4199981689453
2020-09-23,107.12000274658205,38.27999877929688,113.60420989990234,200.58999633789065
2020-09-24,108.22000122070312,37.84999847412109,112.8967514038086,203.19000244140625
2020-09-25,112.27999877929688,38.45000076293945,113.71892547607422,207.82000732421875
2020-09-28,114.95999908447266,39.130001068115234,116.37667083740234,209.44000244140625
2020-09-29,114.08999633789062,39.060001373291016,115.62141418457033,207.25999450683597
2020-09-30,115.80999755859376,39.38999938964844,116.3193130493164,210.3300018310547
2020-10-01,116.79000091552734,38.79999923706055,115.76481628417967,212.4600067138672
2020-10-02,113.0199966430664,38.27000045776367,115.26768493652344,206.19000244140625
2020-10-05,116.5,38.56999969482422,116.64435577392578,210.3800048828125
2020-10-06,113.16000366210938,38.56999969482422,116.60611724853516,205.91000366210935
2020-10-07,115.08000183105467,39.400001525878906,118.61376953125,209.8300018310547
2020-10-08,114.97000122070312,39.790000915527344,125.70745849609376,210.5800018310547
2020-10-09,116.97000122070312,39.84999847412109,122.17017364501952,215.80999755859372
2020-10-12,124.4000015258789,40.36000061035156,121.6156768798828,221.3999938964844
2020-10-13,121.0999984741211,39.810001373291016,119.59847259521484,222.8600006103516
2020-10-14,121.19000244140624,39.88999938964844,120.40152740478516,220.8600006103516
2020-10-15,120.70999908447266,39.970001220703125,119.397705078125,219.66000366210935
2020-10-16,119.0199966430664,40.15999984741211,120.3919677734375,219.66000366210935
2020-10-19,115.9800033569336,39.29999923706055,120.0,214.22000122070312
2020-10-20,117.51000213623048,39.20000076293945,112.20841217041016,214.6499938964844
2020-10-21,116.87000274658205,39.060001373291016,110.0,214.8000030517578
2020-10-22,115.75,38.81999969482422,110.6692123413086,214.88999938964844
2020-10-23,115.04000091552734,38.81999969482422,110.8986587524414,216.22999572753903
2020-10-26,115.0500030517578,37.66999816894531,107.28489685058594,210.0800018310547
2020-10-27,116.5999984741211,36.869998931884766,105.6978988647461,213.25
2020-10-28,111.1999969482422,35.709999084472656,101.95984649658205,202.67999267578125
2020-10-29,115.31999969482422,35.689998626708984,104.1204605102539,204.72000122070312
2020-10-30,108.86000061035156,35.900001525878906,106.74951934814452,202.47000122070312
2020-11-02,108.7699966430664,35.900001525878906,107.94454956054688,202.3300018310547
2020-11-03,110.44000244140624,36.68000030517578,109.13957977294922,206.42999267578125
2020-11-04,114.9499969482422,36.56999969482422,106.97896575927734,216.38999938964844
2020-11-05,119.02999877929688,37.22999954223633,109.7227554321289,223.2899932861328
2020-11-06,118.69000244140624,37.52999877929688,109.0248565673828,223.72000122070312
2020-11-09,116.31999969482422,38.20000076293945,110.44933319091795,218.38999938964844
2020-11-10,115.97000122070312,38.720001220703125,112.72466278076172,211.00999450683597
2020-11-11,119.48999786376952,39.33000183105469,112.04589080810548,216.5500030517578
2020-11-12,119.20999908447266,38.66999816894531,109.46463012695312,215.44000244140625
2020-11-13,119.26000213623048,41.400001525878906,111.7112808227539,216.50999450683597
2020-11-16,120.3000030517578,42.540000915527344,113.15487670898438,217.22999572753903
2020-11-17,119.38999938964844,41.880001068115234,112.5239028930664,214.4600067138672
2020-11-18,118.02999877929688,41.31999969482422,111.63479614257812,211.0800018310547
2020-11-19,118.63999938964844,41.16999816894531,112.02677154541016,212.4199981689453
2020-11-20,117.33999633789062,40.970001220703125,111.79732513427734,210.38999938964844
2020-11-23,113.8499984741211,41.63999938964844,114.8087921142578,210.1100006103516
2020-11-24,115.16999816894533,42.61000061035156,118.94837188720705,213.8600006103516
2020-11-25,116.02999877929688,42.5,118.73805236816406,213.8699951171875
2020-11-27,116.58999633789062,42.70000076293945,118.88145446777344,215.22999572753903
2020-11-30,119.0500030517578,43.02000045776367,118.08795166015624,214.07000732421875
2020-12-01,122.72000122070312,43.540000915527344,117.74378967285156,216.2100067138672
2020-12-02,123.08000183105467,43.88999938964844,119.13957977294922,215.3699951171875
2020-12-03,122.94000244140624,44.11000061035156,118.17399597167967,214.2400054931641
2020-12-04,122.25,44.380001068115234,121.60611724853516,214.3600006103516
2020-12-07,123.75,44.34999847412109,119.216064453125,214.2899932861328
2020-12-08,124.37999725341795,44.369998931884766,120.181640625,216.00999450683597
2020-12-09,121.77999877929688,44.68999862670898,121.21414947509766,211.8000030517578
2020-12-10,123.23999786376952,44.31999969482422,119.46463012695312,210.5200042724609
2020-12-11,122.41000366210938,44.31999969482422,118.80496978759766,213.25999450683597
2020-12-14,121.77999877929688,44.2400016784668,118.0975112915039,214.1999969482422
2020-12-15,127.87999725341795,44.720001220703125,120.3919677734375,214.1300048828125
2020-12-16,127.80999755859376,44.720001220703125,120.02867889404295,219.27999877929688
2020-12-17,128.6999969482422,44.81999969482422,120.02867889404295,219.4199981689453
2020-12-18,126.66000366210938,45.43999862670898,120.31549072265624,218.58999633789065
2020-12-21,128.22999572753906,44.880001068115234,117.9636688232422,222.58999633789065
2020-12-22,131.8800048828125,44.68999862670898,118.17399597167967,223.94000244140625
2020-12-23,130.9600067138672,44.380001068115234,118.45124053955078,221.0200042724609
2020-12-24,131.97000122070312,44.540000915527344,119.2064971923828,222.75
2020-12-28,136.69000244140625,44.91999816894531,119.3307876586914,224.9600067138672
2020-12-29,134.8699951171875,44.63999938964844,118.35564422607422,224.1499938964844
2020-12-30,133.72000122070312,44.47999954223633,118.87189483642578,221.67999267578125
2020-12-31,132.69000244140625,44.75,120.34416961669922,222.4199981689453
2021-01-04,129.41000366210938,43.959999084472656,118.48948669433594,217.69000244140625
2021-01-05,131.00999450683594,43.97999954223633,120.59273529052734,217.8999938964844
2021-01-06,126.5999984741211,44.400001525878906,123.60420989990234,212.25
2021-01-07,130.9199981689453,44.959999084472656,123.31739807128906,218.2899932861328
2021-01-08,132.0500030517578,45.060001373291016,122.87763214111328,219.6199951171875
2021-01-11,128.97999572753906,45.36000061035156,122.92543029785156,217.4900054931641
2021-01-12,128.8000030517578,45.790000915527344,123.52772521972656,214.92999267578125
2021-01-13,130.88999938964844,45.36000061035156,121.33843231201172,216.33999633789065
2021-01-14,128.91000366210938,45.150001525878906,123.29827880859376,213.0200042724609
2021-01-15,127.13999938964844,45.43000030517578,122.74378967285156,212.6499938964844
2021-01-19,127.83000183105467,45.18999862670898,123.34607696533205,216.44000244140625
2021-01-20,132.02999877929688,45.34000015258789,124.35946655273438,224.33999633789065
2021-01-21,136.8699951171875,45.11000061035156,125.86042022705078,224.97000122070312
2021-01-22,139.07000732421875,44.77000045776367,113.39388275146484,225.9499969482422
2021-01-25,142.9199981689453,45.02999877929688,113.36520385742188,229.52999877929688
2021-01-26,143.16000366210938,45.2599983215332,117.1032485961914,232.3300018310547
2021-01-27,142.05999755859375,45.70000076293945,117.0841293334961,232.8999938964844
2021-01-28,137.08999633789062,45.34000015258789,114.79923248291016,238.92999267578125
2021-01-29,131.9600067138672,44.58000183105469,113.87189483642578,231.9600067138672
2021-02-01,134.13999938964844,45.400001525878906,115.23900604248048,239.6499938964844
2021-02-02,134.99000549316406,45.83000183105469,114.1873779296875,239.50999450683597
2021-02-03,133.94000244140625,45.77000045776367,113.88145446777344,243.0
2021-02-04,137.38999938964844,47.25,115.6978988647461,242.00999450683597
2021-02-05,136.75999450683594,48.08000183105469,116.4340362548828,242.1999969482422
2021-02-08,136.91000366210938,48.93999862670898,118.17399597167967,242.47000122070312
2021-02-09,136.00999450683594,48.5,116.73040008544922,243.7700042724609
2021-02-10,135.38999938964844,47.2400016784668,116.86424255371094,242.82000732421875
2021-02-11,135.1300048828125,47.58000183105469,115.59273529052734,244.4900054931641
2021-02-12,135.3699951171875,47.290000915527344,115.4875717163086,244.9900054931641
2021-02-16,133.19000244140625,46.5099983215332,114.7896728515625,243.6999969482422
2021-02-17,130.83999633789062,46.25,114.69407653808594,244.1999969482422
2021-02-18,129.7100067138672,46.34000015258789,115.42064666748048,243.7899932861328
2021-02-19,129.8699951171875,45.68000030517578,113.75717163085938,240.97000122070312
2021-02-22,126.0,45.43000030517578,115.54492950439452,234.50999450683597
2021-02-23,125.86000061035156,45.5099983215332,115.40152740478516,233.2700042724609
2021-02-24,125.3499984741211,45.7400016784668,117.79158782958984,234.5500030517578
2021-02-25,120.98999786376952,45.52000045776367,117.0841293334961,228.9900054931641
2021-02-26,121.26000213623048,44.869998931884766,113.6998062133789,232.3800048828125
2021-03-01,127.79000091552734,45.91999816894531,115.43020629882812,236.94000244140625
2021-03-02,125.12000274658205,45.52000045776367,115.03823852539062,233.8699951171875
2021-03-03,122.05999755859376,45.130001068115234,116.97896575927734,227.55999755859372
2021-03-04,120.12999725341795,44.560001373291016,114.82791900634766,226.72999572753903
2021-03-05,121.41999816894533,46.25,117.42829895019533,231.6000061035156
2021-03-08,116.36000061035156,47.5099983215332,119.32122039794922,227.38999938964844
2021-03-09,121.08999633789062,47.88999938964844,118.71892547607422,233.77999877929688
2021-03-10,119.9800033569336,48.290000915527344,122.24665069580078,232.4199981689453
2021-03-11,121.95999908447266,48.79999923706055,121.54875946044922,237.1300048828125
2021-03-12,121.02999877929688,48.81999969482422,121.99808502197266,235.75
2021-03-15,123.98999786376952,49.40999984741211,122.92543029785156,234.80999755859372
2021-03-16,125.56999969482422,49.66999816894531,122.60037994384766,237.7100067138672
2021-03-17,124.76000213623048,49.41999816894531,123.35564422607422,237.0399932861328
2021-03-18,120.52999877929688,48.79999923706055,124.34034729003906,230.72000122070312
2021-03-19,119.98999786376952,48.97999954223633,123.23136138916016,230.3500061035156
2021-03-22,123.38999938964844,50.29999923706055,124.8087921142578,235.9900054931641
2021-03-23,122.54000091552734,50.0099983215332,124.7227554321289,237.5800018310547
2021-03-24,120.08999633789062,49.650001525878906,124.87571716308594,235.4600067138672
2021-03-25,120.58999633789062,50.5099983215332,127.2179718017578,232.33999633789065
2021-03-26,121.20999908447266,52.56999969482422,130.38241577148438,236.47999572753903
2021-03-29,121.38999938964844,52.52000045776367,129.88528442382812,235.2400054931641
2021-03-30,119.9000015258789,51.77000045776367,128.79541015625,231.8500061035156
2021-03-31,122.1500015258789,51.709999084472656,127.39962005615234,235.7700042724609
2021-04-01,123.0,51.97999954223633,127.37093353271484,242.3500061035156
2021-04-05,125.9000015258789,52.40999984741211,129.9521942138672,249.07000732421875
2021-04-06,126.20999908447266,52.02999877929688,128.31739807128906,247.8600006103516
2021-04-07,127.9000015258789,51.77000045776367,128.9961700439453,249.8999938964844
2021-04-08,130.36000061035156,51.90999984741211,129.17782592773438,253.25
2021-04-09,133.0,52.09000015258789,129.76100158691406,255.8500061035156
2021-04-12,131.24000549316406,51.56999969482422,128.67112731933594,255.91000366210935
2021-04-13,134.42999267578125,51.65999984741211,125.4110870361328,258.489990234375
2021-04-14,132.02999877929688,51.369998931884766,126.79732513427734,255.58999633789065
2021-04-15,134.5,51.63999938964844,126.74951934814452,259.5
2021-04-16,134.16000366210938,52.79999923706055,127.71510314941406,260.739990234375
2021-04-19,134.83999633789062,52.84999847412109,127.26577758789062,258.739990234375
2021-04-20,133.11000061035156,51.790000915527344,132.08413696289062,258.260009765625
2021-04-21,133.5,51.93000030517578,137.23709106445312,260.5799865722656
2021-04-22,131.94000244140625,51.5,135.06692504882812,257.1700134277344
2021-04-23,134.32000732421875,51.90999984741211,136.16635131835938,261.1499938964844
2021-04-26,134.72000122070312,51.63999938964844,135.3441619873047,261.54998779296875
2021-04-27,134.38999938964844,51.369998931884766,135.7648162841797,261.9700012207031
2021-04-28,133.5800018310547,51.11000061035156,136.71128845214844,254.55999755859372
2021-04-29,133.47999572753906,51.459999084472656,137.89674377441406,252.50999450683597
2021-04-30,131.4600067138672,50.90999984741211,135.64053344726562,252.17999267578125
2021-05-03,132.5399932861328,51.16999816894531,138.3843231201172,251.8600006103516
2021-05-04,127.8499984741211,50.709999084472656,139.34034729003906,247.7899932861328
2021-05-05,128.10000610351562,51.130001068115234,138.83364868164062,246.47000122070312
2021-05-06,129.74000549316406,52.43999862670898,141.89292907714844,249.72999572753903
2021-05-07,130.2100067138672,53.43000030517578,139.06309509277344,252.4600067138672
2021-05-10,126.8499984741211,53.15999984741211,139.7418670654297,247.17999267578125
2021-05-11,125.91000366210938,52.83000183105469,137.87762451171875,246.22999572753903
2021-05-12,122.7699966430664,51.59999847412109,135.08604431152344,239.0
2021-05-13,124.97000122070312,52.4900016784668,137.829833984375,243.02999877929688
2021-05-14,127.4499969482422,52.900001525878906,138.31739807128906,248.1499938964844
2021-05-17,126.2699966430664,52.93999862670898,138.72848510742188,245.17999267578125
2021-05-18,124.8499984741211,52.93000030517578,137.58126831054688,243.0800018310547
2021-05-19,124.69000244140624,52.470001220703125,136.89292907714844,243.1199951171875
2021-05-20,127.30999755859376,52.84999847412109,137.55258178710938,246.47999572753903
2021-05-21,125.43000030517578,52.43000030517578,138.374755859375,245.1699981689453
2021-05-24,127.0999984741211,53.38999938964844,138.3556365966797,250.77999877929688
2021-05-25,126.9000015258789,53.310001373291016,137.46653747558594,251.72000122070312
2021-05-26,126.8499984741211,52.90999984741211,137.07456970214844,251.4900054931641
2021-05-27,125.27999877929688,52.91999816894531,137.49522399902344,249.30999755859372
2021-05-28,124.61000061035156,52.900001525878906,137.41873168945312,249.67999267578125
2021-06-01,124.27999877929688,52.619998931884766,137.8489532470703,247.3999938964844
2021-06-02,125.05999755859376,52.959999084472656,139.31166076660156,247.3000030517578
2021-06-03,123.54000091552734,53.33000183105469,139.14913940429688,245.7100067138672
2021-06-04,125.88999938964844,54.06999969482422,140.93690490722656,250.7899932861328
2021-06-07,125.9000015258789,53.91999816894531,141.51051330566406,253.80999755859372
2021-06-08,126.73999786376952,54.130001068115234,142.51434326171875,252.57000732421875
2021-06-09,127.12999725341795,54.02000045776367,144.04397583007812,253.58999633789065
2021-06-10,126.11000061035156,55.02999877929688,143.91969299316406,257.239990234375
2021-06-11,127.3499984741211,54.77000045776367,144.6271514892578,257.8900146484375
2021-06-14,130.47999572753906,54.16999816894531,143.43212890625,259.8900146484375
2021-06-15,129.63999938964844,53.790000915527344,142.7915802001953,258.3599853515625
2021-06-16,130.14999389648438,53.470001220703125,141.32887268066406,257.3800048828125
2021-06-17,131.7899932861328,53.130001068115234,139.1969451904297,260.8999938964844
2021-06-18,130.4600067138672,52.06999969482422,136.8260040283203,259.42999267578125
2021-06-21,132.3000030517578,53.18000030517578,140.2007598876953,262.6300048828125
2021-06-22,133.97999572753906,53.2599983215332,139.92352294921875,265.510009765625
2021-06-23,133.6999969482422,52.7599983215332,138.25047302246094,265.2699890136719
2021-06-24,133.41000366210938,52.77999877929688,139.04397583007812,266.69000244140625
2021-06-25,133.11000061035156,53.060001373291016,140.38241577148438,265.0199890136719
2021-06-28,134.77999877929688,52.959999084472656,138.90057373046875,268.7200012207031
2021-06-29,136.3300018310547,52.90999984741211,139.14913940429688,271.3999938964844
2021-06-30,136.9600067138672,53.0,140.14340209960938,270.8999938964844
2021-07-01,137.27000427246094,53.43999862670898,140.38241577148438,271.6000061035156
2021-07-02,139.9600067138672,53.540000915527344,133.86233520507812,277.6499938964844
2021-07-06,142.02000427246094,52.97999954223633,132.67686462402344,277.6600036621094
2021-07-07,144.57000732421875,53.2599983215332,133.67112731933594,279.92999267578125
2021-07-08,143.24000549316406,53.2599983215332,134.55067443847656,277.4200134277344
2021-07-09,145.11000061035156,53.7400016784668,135.29637145996094,277.94000244140625
2021-07-12,144.5,53.22999954223633,134.72274780273438,277.32000732421875
2021-07-13,145.63999938964844,53.31999969482422,134.11090087890625,280.9800109863281
2021-07-14,149.14999389648438,54.09000015258789,133.67112731933594,282.510009765625
2021-07-15,148.47999572753906,53.650001525878906,134.27342224121094,281.0299987792969
2021-07-16,146.38999938964844,53.70000076293945,132.7915802001953,280.75
2021-07-19,142.4499969482422,53.060001373291016,131.8546905517578,277.010009765625
2021-07-20,146.14999389648438,53.58000183105469,133.8145294189453,279.32000732421875
2021-07-21,145.39999389648438,53.880001068115234,135.08604431152344,281.3999938964844
2021-07-22,146.8000030517578,54.540000915527344,134.52198791503906,286.1400146484375
2021-07-23,148.55999755859375,55.22999954223633,135.12428283691406,289.6700134277344
2021-07-26,148.99000549316406,55.470001220703125,136.49139404296875,289.04998779296875
2021-07-27,146.77000427246094,55.27999877929688,136.47227478027344,286.5400085449219
2021-07-28,144.97999572753906,54.77000045776367,135.53536987304688,286.2200012207031
2021-07-29,145.63999938964844,55.06999969482422,135.68833923339844,286.5
2021-07-30,145.86000061035156,55.369998931884766,134.76100158691406,284.9100036621094
2021-08-02,145.52000427246094,55.45000076293945,135.2007598876953,284.82000732421875
2021-08-03,147.36000061035156,56.25,137.73422241210938,287.1199951171875
2021-08-04,146.9499969482422,55.68999862670898,136.48184204101562,286.510009765625
2021-08-05,147.05999755859375,55.7599983215332,136.49139404296875,289.5199890136719
2021-08-06,146.13999938964844,55.59000015258789,137.7533416748047,289.4599914550781
2021-08-09,146.08999633789062,55.470001220703125,135.03823852539062,288.3299865722656
2021-08-10,145.60000610351562,55.61000061035156,135.1625213623047,286.44000244140625
2021-08-11,145.86000061035156,55.86000061035156,135.87954711914062,286.95001220703125
2021-08-12,148.88999938964844,56.38999938964844,136.7781982421875,289.8099975585937
2021-08-13,149.10000610351562,56.470001220703125,136.88336181640625,292.8500061035156
2021-08-16,151.1199951171875,56.27999877929688,137.27532958984375,294.6000061035156
2021-08-17,150.19000244140625,56.0099983215332,136.1567840576172,293.0799865722656
2021-08-18,146.36000061035156,55.150001525878906,133.33651733398438,290.7300109863281
2021-08-19,146.6999969482422,57.27000045776367,131.95028686523438,296.7699890136719
2021-08-20,148.19000244140625,58.220001220703125,132.9923553466797,304.3599853515625
2021-08-23,149.7100067138672,58.540000915527344,133.47991943359375,304.6499938964844
2021-08-24,149.6199951171875,59.31999969482422,133.69024658203125,302.6199951171875
2021-08-25,148.36000061035156,59.34999847412109,133.70936584472656,302.010009765625
2021-08-26,147.5399932861328,59.20000076293945,132.67686462402344,299.0899963378906
2021-08-27,148.60000610351562,59.02000045776367,133.27915954589844,299.7200012207031
2021-08-30,153.1199951171875,59.130001068115234,132.85850524902344,303.5899963378906
2021-08-31,151.8300018310547,59.02000045776367,134.1682586669922,301.8800048828125
2021-09-01,152.50999450683594,59.040000915527344,133.1739959716797,301.8299865722656
2021-09-02,153.64999389648438,59.52999877929688,133.85276794433594,301.1499938964844
2021-09-03,154.3000030517578,59.41999816894531,133.44168090820312,301.1400146484375
2021-09-07,156.69000244140625,58.880001068115234,131.988525390625,300.17999267578125
2021-09-08,155.11000061035156,58.68000030517578,132.5717010498047,300.2099914550781
2021-09-09,154.07000732421875,58.59999847412109,131.68260192871094,297.25
2021-09-10,148.97000122070312,57.88999938964844,130.9942626953125,295.7099914550781
2021-09-13,149.5500030517578,58.09999847412109,132.07456970214844,296.989990234375
2021-09-14,148.1199951171875,57.869998931884766,130.2294464111328,299.7900085449219
2021-09-15,149.02999877929688,57.560001373291016,131.16635131835938,304.82000732421875
2021-09-16,148.7899932861328,57.33000183105469,130.43020629882812,305.2200012207031
2021-09-17,146.05999755859375,56.84999847412109,129.28298950195312,299.8699951171875
2021-09-20,142.94000244140625,55.88999938964844,128.4034423828125,294.29998779296875
2021-09-21,143.42999267578125,55.2599983215332,127.12236785888672,294.79998779296875
2021-09-22,145.85000610351562,55.52000045776367,128.70936584472656,298.5799865722656
2021-09-23,146.8300018310547,56.68999862670898,130.71701049804688,299.5599975585937
2021-09-24,146.9199981689453,56.72999954223633,131.44358825683594,299.3500061035156
2021-09-27,145.3699951171875,56.220001220703125,132.46653747558594,294.1700134277344
2021-09-28,141.91000366210938,55.52000045776367,131.42446899414062,283.5199890136719
2021-09-29,142.8300018310547,55.47999954223633,133.0592803955078,284.0
2021-09-30,141.5,54.43000030517578,132.8202667236328,281.9200134277344
2021-10-01,142.64999389648438,55.13999938964844,137.0172119140625,289.1000061035156
2021-10-04,139.13999938964844,54.22999954223633,137.7724609375,283.1099853515625
2021-10-05,141.11000061035156,54.68999862670898,136.8546905517578,288.760009765625
2021-10-06,142.0,53.93999862670898,136.09942626953125,293.1099853515625
2021-10-07,143.2899932861328,55.02000045776367,135.5736083984375,294.8500061035156
2021-10-08,142.89999389648438,55.08000183105469,136.92160034179688,294.8500061035156
2021-10-11,142.80999755859375,54.93000030517578,136.16635131835938,294.2300109863281
2021-10-12,141.50999450683594,54.27999877929688,134.29254150390625,292.8800048828125
2021-10-13,140.91000366210938,54.619998931884766,134.56979370117188,296.3099975585937
2021-10-14,143.75999450683594,55.650001525878906,137.08413696289062,302.75
2021-10-15,144.83999633789062,55.25,138.25047302246094,304.2099914550781
2021-10-18,146.5500030517578,55.18999862670898,136.06118774414062,307.2900085449219
2021-10-19,148.75999450683594,55.7400016784668,135.73614501953125,308.2300109863281
2021-10-20,149.25999450683594,56.20000076293945,135.65965270996094,307.4100036621094
2021-10-21,149.47999572753906,55.68999862670898,122.6864242553711,310.760009765625
2021-10-22,148.69000244140625,55.11000061035156,122.25621032714844,309.1600036621094
2021-10-25,148.63999938964844,55.13999938964844,122.02677154541016,308.1300048828125
2021-10-26,149.32000732421875,55.810001373291016,121.53919982910156,310.1099853515625
2021-10-27,148.85000610351562,56.18000030517578,119.66539001464844,323.1700134277344
2021-10-28,152.57000732421875,56.2400016784668,120.30592346191406,324.3500061035156
2021-10-29,149.8000030517578,55.970001220703125,119.59847259521484,331.6199951171875
2021-11-01,148.9600067138672,56.09999847412109,120.72657775878906,329.3699951171875
2021-11-02,150.02000427246094,57.619998931884766,120.63097381591795,333.1300048828125
2021-11-03,151.49000549316406,57.650001525878906,121.53919982910156,334.0
2021-11-04,150.9600067138672,57.119998931884766,120.8499984741211,336.44000244140625
2021-11-05,151.27999877929688,57.06999969482422,123.61000061035156,336.0599975585937
2021-11-08,150.44000244140625,57.0,124.54000091552734,336.989990234375
2021-11-09,150.80999755859375,57.43999862670898,120.8499984741211,335.95001220703125
2021-11-10,147.9199981689453,57.77000045776367,120.22000122070312,330.79998779296875
2021-11-11,147.8699951171875,56.7599983215332,120.2699966430664,332.42999267578125
2021-11-12,149.99000549316406,56.81999969482422,118.95999908447266,336.7200012207031
2021-11-15,150.0,57.27000045776367,118.87000274658205,336.07000732421875
2021-11-16,151.0,57.0,118.45999908447266,339.510009765625
2021-11-17,153.49000549316406,56.7599983215332,118.05999755859376,339.1199951171875
2021-11-18,157.8699951171875,53.630001068115234,116.66000366210938,341.2699890136719
2021-11-19,160.5500030517578,53.25,116.0500030517578,343.1099853515625
2021-11-22,161.02000427246094,54.59999847412109,116.47000122070312,339.8299865722656
2021-11-23,161.41000366210938,55.29999923706055,116.79000091552734,337.67999267578125
2021-11-24,161.94000244140625,55.540000915527344,116.7300033569336,337.9100036621094
2021-11-26,156.80999755859375,54.66999816894531,115.80999755859376,329.67999267578125
2021-11-29,160.24000549316406,55.7599983215332,118.5,336.6300048828125
2021-11-30,165.3000030517578,54.84000015258789,117.0999984741211,330.5899963378906
2021-12-01,164.77000427246094,55.02999877929688,116.91999816894533,330.0799865722656
2021-12-02,163.75999450683594,56.150001525878906,116.9000015258789,329.489990234375
2021-12-03,161.83999633789062,56.22999954223633,118.83999633789062,323.010009765625
2021-12-06,165.32000732421875,56.959999084472656,119.91000366210938,326.19000244140625
2021-12-07,171.17999267578125,58.08000183105469,121.58000183105467,334.9200134277344
2021-12-08,175.0800018310547,57.02000045776367,123.0199966430664,334.9700012207031
2021-12-09,174.55999755859375,57.54999923706055,123.56999969482422,333.1000061035156
2021-12-10,179.4499969482422,59.25,124.08999633789062,342.5400085449219
2021-12-13,175.74000549316406,58.61000061035156,122.58000183105467,339.3999938964844
2021-12-14,174.3300018310547,57.77000045776367,123.76000213623048,328.3399963378906
2021-12-15,179.3000030517578,59.93000030517578,123.11000061035156,334.6499938964844
2021-12-16,172.25999450683594,60.310001373291016,125.93000030517578,324.8999938964844
2021-12-17,171.13999938964844,60.459999084472656,127.4000015258789,323.79998779296875
2021-12-20,169.75,60.36000061035156,127.05999755859376,319.9100036621094
2021-12-21,172.99000549316406,61.02999877929688,128.97000122070312,327.2900085449219
2021-12-22,175.63999938964844,61.52999877929688,129.75,333.20001220703125
2021-12-23,176.27999877929688,62.27999877929688,130.6300048828125,334.69000244140625
2021-12-27,180.3300018310547,63.41999816894531,131.6199951171875,342.45001220703125
2021-12-28,179.2899932861328,63.52999877929688,132.6300048828125,341.25
2021-12-29,179.3800048828125,63.959999084472656,133.35000610351562,341.95001220703125
2021-12-30,178.1999969482422,63.619998931884766,133.91000366210938,339.32000732421875
2021-12-31,177.57000732421875,63.369998931884766,133.66000366210938,336.32000732421875
2022-01-03,182.00999450683597,63.15999984741211,136.0399932861328,334.75
2022-01-04,179.6999969482422,61.25,138.02000427246094,329.010009765625
2022-01-05,174.9199981689453,60.27999877929688,138.22000122070312,316.3800048828125
2022-01-06,172.0,60.91999816894531,135.33999633789062,313.8800048828125
2022-01-07,172.1699981689453,61.130001068115234,134.8300018310547,314.0400085449219
2022-01-10,172.19000244140625,61.81999969482422,135.02999877929688,314.2699890136719
2022-01-11,175.0800018310547,62.369998931884766,132.8699951171875,314.9800109863281
2022-01-12,175.52999877929688,62.119998931884766,133.58999633789062,318.2699890136719
2022-01-13,172.19000244140625,61.5,134.75999450683594,304.79998779296875
2022-01-14,173.07000732421875,61.36000061035156,134.2100067138672,310.20001220703125
2022-01-18,169.8000030517578,59.72999954223633,132.94000244140625,302.6499938964844
2022-01-19,166.22999572753906,58.900001525878906,131.5800018310547,303.3299865722656
2022-01-20,164.50999450683594,58.08000183105469,130.82000732421875,301.6000061035156
2022-01-21,162.41000366210938,56.68000030517578,129.35000610351562,296.0299987792969
2022-01-24,161.6199951171875,56.900001525878906,128.82000732421875,296.3699951171875
2022-01-25,159.77999877929688,56.11000061035156,136.10000610351562,288.489990234375
2022-01-26,159.69000244140625,55.33000183105469,134.25999450683594,296.7099914550781
2022-01-27,159.22000122070312,54.619998931884766,132.52000427246094,299.8399963378906
2022-01-28,170.3300018310547,55.61000061035156,134.5,308.260009765625
2022-01-31,174.77999877929688,55.66999816894531,133.57000732421875,310.9800109863281
2022-02-01,174.61000061035156,55.369998931884766,135.52999877929688,308.760009765625
2022-02-02,175.83999633789062,56.16999816894531,137.25,313.4599914550781
2022-02-03,172.89999389648438,55.20000076293945,137.77999877929688,301.25
2022-02-04,172.38999938964844,55.150001525878906,137.14999389648438,305.94000244140625
2022-02-07,171.66000366210938,55.16999816894531,137.24000549316406,300.95001220703125
2022-02-08,174.8300018310547,55.34000015258789,137.02000427246094,304.5599975585937
2022-02-09,176.27999877929688,56.290000915527344,137.7899932861328,311.2099914550781
2022-02-10,172.1199951171875,54.869998931884766,133.52000427246094,302.3800048828125
2022-02-11,168.63999938964844,53.900001525878906,132.69000244140625,295.0400085449219
2022-02-14,168.8800048828125,53.18000030517578,130.14999389648438,295.0
2022-02-15,172.7899932861328,54.27000045776367,129.94000244140625,300.4700012207031
2022-02-16,172.5500030517578,54.25,129.17999267578125,299.5
2022-02-17,168.8800048828125,55.77000045776367,124.97000122070312,290.7300109863281
2022-02-18,167.3000030517578,57.209999084472656,124.3499984741211,287.92999267578125
2022-02-22,164.32000732421875,56.29999923706055,123.91999816894533,287.7200012207031
2022-02-23,160.07000732421875,54.43999862670898,122.06999969482422,280.2699890136719
2022-02-24,162.74000549316406,54.72999954223633,121.97000122070312,294.5899963378906
2022-02-25,164.85000610351562,56.040000915527344,124.18000030517578,297.3099975585937
2022-02-28,165.1199951171875,55.77000045776367,122.51000213623048,298.7900085449219
2022-03-01,163.1999969482422,54.619998931884766,121.3499984741211,294.95001220703125
2022-03-02,166.55999755859375,56.150001525878906,123.86000061035156,300.19000244140625
2022-03-03,166.22999572753906,56.06999969482422,125.93000030517578,295.9200134277344
2022-03-04,163.1699981689453,56.5099983215332,126.62000274658205,289.8599853515625
2022-03-07,159.3000030517578,55.59000015258789,126.06999969482422,278.9100036621094
2022-03-08,157.44000244140625,54.400001525878906,125.68000030517578,275.8500061035156
2022-03-09,162.9499969482422,55.91999816894531,126.22000122070312,288.5
2022-03-10,158.52000427246094,54.709999084472656,124.3499984741211,285.5899963378906
2022-03-11,154.72999572753906,54.68999862670898,123.95999908447266,280.07000732421875
2022-03-14,150.6199951171875,54.29999923706055,123.94000244140624,276.44000244140625
2022-03-15,155.08999633789062,55.59999847412109,125.63999938964844,287.1499938964844
2022-03-16,159.58999633789062,55.810001373291016,127.04000091552734,294.3900146484375
2022-03-17,160.6199951171875,56.16999816894531,127.95999908447266,295.2200012207031
2022-03-18,163.97999572753906,55.970001220703125,128.75999450683594,300.42999267578125
2022-03-21,165.3800048828125,56.0,128.10000610351562,299.1600036621094
2022-03-22,168.82000732421875,56.16999816894531,129.05999755859375,304.0599975585937
2022-03-23,170.2100067138672,54.47999954223633,128.3000030517578,299.489990234375
2022-03-24,174.07000732421875,54.5,129.25,304.1000061035156
2022-03-25,174.72000122070312,54.970001220703125,131.35000610351562,303.67999267578125
2022-03-28,175.60000610351562,55.13999938964844,131.47000122070312,310.70001220703125
2022-03-29,178.9600067138672,55.66999816894531,131.94000244140625,315.4100036621094
2022-03-30,177.77000427246094,56.04999923706055,132.1300048828125,313.8599853515625
2022-03-31,174.61000061035156,55.7599983215332,130.02000427246094,308.3099975585937
2022-04-01,174.30999755859375,55.65999984741211,130.14999389648438,309.4200134277344
2022-04-04,178.44000244140625,55.869998931884766,130.27000427246094,314.9700012207031
2022-04-05,175.05999755859375,54.91999816894531,128.88999938964844,310.8800048828125
2022-04-06,171.8300018310547,54.369998931884766,129.38999938964844,299.5
2022-04-07,172.13999938964844,54.630001068115234,128.5500030517578,301.3699951171875
2022-04-08,170.08999633789062,54.27999877929688,127.7300033569336,296.9700012207031
2022-04-11,165.75,52.880001068115234,126.37000274658205,285.260009765625
2022-04-12,167.66000366210938,51.81999969482422,125.9800033569336,282.0599975585937
2022-04-13,170.39999389648438,52.150001525878906,126.13999938964844,287.6199951171875
2022-04-14,165.2899932861328,51.16999816894531,126.55999755859376,279.8299865722656
2022-04-18,165.07000732421875,51.11000061035156,126.16999816894533,280.5199890136719
2022-04-19,167.39999389648438,51.83000183105469,129.14999389648438,285.29998779296875
2022-04-20,167.22999572753906,53.02000045776367,138.32000732421875,286.3599853515625
2022-04-21,166.4199981689453,52.77999877929688,139.85000610351562,280.8099975585937
2022-04-22,161.7899932861328,51.36000061035156,138.25,274.0299987792969
2022-04-25,162.8800048828125,51.93999862670898,139.10000610351562,280.7200012207031
2022-04-26,156.8000030517578,50.900001525878906,136.19000244140625,270.2200012207031
2022-04-27,156.57000732421875,49.310001373291016,135.05999755859375,283.2200012207031
2022-04-28,163.63999938964844,50.630001068115234,135.74000549316406,289.6300048828125
2022-04-29,157.64999389648438,48.97999954223633,132.2100067138672,277.5199890136719
